timestamp,ax,ay,az,gx,gy,gz,acc_mag,gyro_mag,dax,day,daz
16352.0,-1.098737066,-2.464215012,10.582159882,0.08049633043123047,0.05188689333253942,0.020662953014360868,10.920699910435168,0.09797380537607922,0.0,0.0,0.0
16362.0,-0.8269947945,-2.7000649445000002,10.4253515485,0.05917887894737173,0.004457570909593518,0.04224569454452275,10.801028932673926,0.07284715752471643,0.27174227149999997,-0.2358499325000003,-0.156808333499999
16372.0,-0.6102678295,-2.8149988825000003,10.4373156615,0.041325906028721736,0.008454374896660533,0.058499945868345934,10.827474486231406,0.07212177639650474,0.216726965,-0.11493393800000007,0.011964112999999443
16382.0,-0.5635881755,-2.764690768,10.4014233225,0.03546334507127278,0.04575904232878733,0.07901803655479128,10.777325911749852,0.09795605596116172,0.04667965400000007,0.05030811450000039,-0.035892339000000106
16392.0,-0.4366901245,-2.6916312254999997,10.2864893845,0.03759613741720985,0.08626115295056774,0.09900205649012635,10.64177808340099,0.1365864680205515,0.12689805099999996,0.07305954250000024,-0.11493393800000007
16402.0,-0.3637286485,-2.756257049,10.367884579499998,0.04159294140427687,0.1379543147361358,0.10539868819868557,10.73416424803234,0.1785224053248784,0.07296147600000003,-0.06462582350000012,0.08139519499999892
16412.0,-0.37686955949999995,-2.81254722,10.536657026,0.05065294555137943,0.18884986105354243,0.1117935745779928,10.912084760171295,0.22522831578178293,-0.013140910999999977,-0.05629017100000011,0.168772446500002
16422.0,-0.49180349749999996,-2.7012417424999997,10.7713301605,0.05464974953844645,0.21149899875667286,0.11952014717657168,11.11576048042034,0.2490049942888684,-0.11493393800000001,0.1113054775000002,0.2346731344999995
16432.0,-0.43914178699999995,-2.660544145,10.943633000999998,0.04452334921837535,0.20110730839029864,0.1235169511636387,11.27095576768712,0.2401726781679648,0.052661710500000014,0.040697597499999905,0.17230284049999867
16442.0,-0.303810017,-2.6761367185,10.987959059,0.012814207368142367,0.19151323349208577,0.1227175903662253,11.313233514110529,0.2278181939581661,0.13533176999999996,-0.015592573500000206,0.04432605800000111
16452.0,-0.033342609999999995,-2.7143826534999995,10.985605462999999,-0.022359413047299354,0.17739177451419966,0.11205886462429593,11.316028999077314,0.2110094172258733,0.270467407,-0.03824593499999951,-0.002353596000000735
16462.0,0.347351543,-2.779008477,10.9700128895,-0.027954938629193175,0.14648199346138008,0.10166717425792168,11.321869280532189,0.18048453486039287,0.380694153,-0.06462582350000057,-0.015592573499999318
16472.0,0.783159069,-2.7982295109999997,10.881458839999999,0.0056199601914217415,0.10091668267956412,0.0987367664438232,11.262751573669835,0.14129653160422267,0.435807526,-0.019221033999999637,-0.08855404950000079
16482.0,1.2104348095,-2.767044364,10.810752893499998,0.0666401614996475,0.04815712472102754,0.1040652566501619,11.224707794179412,0.1326257796499601,0.42727574049999995,0.031185146999999525,-0.0707059465000004
16492.0,1.550431365,-2.6832955729999997,10.792806724,0.13618629620386555,-0.010464994194958001,0.11232589999985107,11.228917558307959,0.1768426735491297,0.33999655549999996,0.08374879100000054,-0.017946169499998277
16502.0,1.897586775,-2.5922898610000003,10.734162957,0.1918780073057526,-0.05949303821273071,0.12165293952250876,11.204599800061102,0.234853207297399,0.34715541000000005,0.0910057119999994,-0.058643766999999514
16512.0,2.2184603629999997,-2.3672272435,10.6791476505,0.21559179585259955,-0.0704187993302152,0.13870655164374535,11.16107189053768,0.265853601079536,0.32087358799999977,0.22506261750000034,-0.055015306500001415
16522.0,2.4662744085,-2.1290237149999998,10.575001027499999,0.1932096935250243,-0.03178244567881674,0.1725467405106634,11.065527469067186,0.2609836914180941,0.2478140455000002,0.23820352850000015,-0.1041466230000001
16532.0,2.6338700569999998,-1.907589558,10.4708544045,0.1319224568412434,0.0556184072733033,0.22903606708071186,10.964258358830701,0.27010083648602257,0.16759564849999986,0.2214341569999998,-0.10414662299999833
16542.0,2.6637803394999997,-1.7172424814999998,10.363079320999999,0.05784719272810006,0.16246920940964815,0.30737691588572935,10.836884259357614,0.3524529899605631,0.02991028249999994,0.19034707650000016,-0.10777508350000176
16552.0,2.5129540624999995,-1.5926980265,10.3115944085,-0.0007749261878854823,0.2530675055514218,0.39770817665194785,10.73222271336468,0.47139745083361717,-0.15082627700000018,0.12454445499999989,-0.051484912499999425
16562.0,2.243565387,-1.575928655,10.320028127499999,-0.030618311067736523,0.3114225890918522,0.5018938610204974,10.678020290474528,0.5914549498477256,-0.2693886754999997,0.016769371499999908,0.008433718999999229
16572.0,1.8927815164999997,-1.6705628275,10.225393955,-0.035948546603327206,0.3172834047200491,0.6010180905582634,10.532430088292985,0.6805760810460054,-0.35078387050000015,-0.09463417249999995,-0.09463417249999928
16582.0,1.583970108,-1.9913383489999998,10.160768131500001,-0.017296212887263806,0.2802457726634775,0.6892165589785447,10.474521408892226,0.7442152358331673,-0.3088114084999998,-0.3207755214999999,-0.06462582349999835
16592.0,1.1278628165,-2.1194131979999997,10.224217157,0.03679677661979645,0.2272191793293858,0.7640929292183535,10.50231418832026,0.7980103775679929,-0.45610729149999996,-0.12807484899999988,0.06344902549999887
16602.0,0.5928119924999999,-2.1912959425,10.2853125865,0.09888162877173874,0.1472813542587935,0.8221827227124807,10.532846669731981,0.8411027305554085,-0.535050824,-0.07188274450000032,0.06109542949999991
16612.0,0.206135783,-2.2977961615,10.331992240499998,0.1428482179587279,0.07213794864342964,0.8658822765239149,10.586426347856454,0.8805462019716535,-0.3866762094999999,-0.10650021899999995,0.046679653999998294
16622.0,-0.187699281,-2.4115533014999997,10.337974296999999,0.15803607310958256,0.020444786857861576,0.8855992610836948,10.6171810247116,0.8998218940132247,-0.393835064,-0.1137571399999997,0.00598205650000061
16632.0,-0.44394704549999997,-2.5444334090000003,10.312771206499999,0.14524630035096808,-0.014194762806469882,0.8794714100799427,10.63129720728656,0.8914975828373166,-0.2562477645,-0.13288010750000057,-0.025203090499999803
16642.0,-0.6318424595,-2.6414211775,10.291294642999999,0.11273779770332172,-0.003270747018237374,0.8541571546090169,10.64364017428309,0.861571212139092,-0.18789541399999998,-0.09698776849999957,-0.021476563500000267
16652.0,-0.7911024555,-2.6509336279999998,10.1846963575,0.06983760468930111,0.027906069410137336,0.822715048134339,10.553735456682299,0.8261453202465958,-0.15925999600000007,-0.009512450499999936,-0.10659828549999872
16662.0,-0.8844617635,-2.6437747734999997,10.104477960499999,0.030667180286792366,0.07400370561381156,0.7936710240519014,10.481998498297866,0.7977034027825831,-0.09335930800000003,0.007158854500000089,-0.08021839700000122
16672.0,-0.983803128,-2.7000649445000002,10.0770193405,0.0016231562043547264,0.12729558899420643,0.7683567685809757,10.47876605750846,0.7788317696637989,-0.09934136449999997,-0.056290171000000555,-0.0274586199999991
16682.0,-1.0663751209999999,-2.7886189939999997,10.0770193405,-0.003173008580125691,0.16140281323667963,0.7497044348649123,10.50998908568398,0.7668883072262098,-0.08257199299999984,-0.08855404949999945,0.0
16692.0,-1.180132261,-2.8412807045,10.132034647,0.02453932928304027,0.17552601754381775,0.7462399562997035,10.588848581560951,0.7669978056648125,-0.11375714000000015,-0.052661710500000236,0.05501530649999964
16702.0,-1.386071911,-2.890412021,10.2637379565,0.07809824803899026,0.1560743230303409,0.7531689134301209,10.752673799260503,0.7731247912294934,-0.20593964999999992,-0.04913131650000002,0.13170330950000064
16712.0,-1.5392517839999997,-2.9621966989999997,10.363079320999999,0.14311525333428302,0.09425476092470178,0.7664910116105937,10.887484482259962,0.7854135258408401,-0.1531798729999998,-0.07178467799999977,0.09934136449999897
16722.0,-1.6937065215,-3.0256457245,10.5198876545,0.21346074883591448,-0.004335397861953915,0.7686238039565307,11.076606434032865,0.7977260425589842,-0.15445473750000027,-0.0634490255000002,0.15680833350000078
16732.0,-1.828940225,-3.0974304025,10.664731875,0.2758126363634119,-0.12264603186689353,0.7531689134301209,11.25502569568792,0.8114049985475439,-0.13523370349999997,-0.07178467800000021,0.14484422049999957
16742.0,-1.7954014819999997,-3.1860825185,10.707881135000001,0.33576644149866913,-0.26840022303019195,0.713466163605754,11.31518036522388,0.8329536299036391,0.03353874300000026,-0.088652116,0.04314926000000163
16752.0,-1.5691620665000001,-3.1082177175,10.6718907295,0.3792007052638,-0.38537742548660797,0.6575074171283118,11.225530665082676,0.851249046123397,0.2262394154999996,0.07786480100000004,-0.03599040550000154
16762.0,-1.3226228854999997,-2.8053883655,10.639626851,0.38985943100572934,-0.4208163359483528,0.6132755378950195,11.082472409487481,0.8397521360053415,0.24653918100000038,0.3028293520000003,-0.03226387850000023
16772.0,-1.1525755745,-2.3289813085,10.5785314215,0.35575220676325614,-0.37711678213691874,0.606348326093854,10.893021225809632,0.7977687588161431,0.1700473109999998,0.47640705699999986,-0.06109542949999991
16782.0,-1.0376416364999999,-1.9997720679999997,10.5677441065,0.2838062443375459,-0.2739957486120858,0.6391221187878036,10.805230399682223,0.7510637371796693,0.11493393800000007,0.3292092405000002,-0.010787314999999964
16792.0,-1.098737066,-1.8680687584999998,10.621680681499999,0.20413370931325678,-0.13383708303068118,0.7004093554715843,10.840526026279182,0.7417251521313477,-0.06109542950000013,0.13170330949999998,0.05393657499999982
16802.0,-1.285455682,-1.8896433885,10.7293576985,0.13565397078200728,-0.017392205996123494,0.7731529333654561,10.970062218075569,0.785156001690076,-0.18671861600000006,-0.02157463000000015,0.10767701700000032
16812.0,-1.5919134945,-2.0177182374999996,10.899405009499999,0.08502545984015576,0.0454920069532322,0.8328414484544101,11.198321526953269,0.8384054686017397,-0.3064578124999999,-0.12807484899999966,0.17004731099999937
16822.0,-1.9882002209999998,-2.1972779989999998,11.0417975675,0.06424207910740728,0.03643200280612964,0.8674809981187417,11.432509096664774,0.8706191002117956,-0.39628672649999985,-0.1795597615000002,0.14239255800000095
16832.0,-2.3329039684999997,-2.605430772,11.122015964500001,0.07276801250339958,-0.04270646146704925,0.8541571546090169,11.658900014517684,0.858314319037323,-0.3447037474999999,-0.4081527730000003,0.08021839700000122
16842.0,-2.5029512795,-2.6569156845,11.077787973,0.11327012312517999,-0.15089069515191778,0.8312409815303314,11.66367662604019,0.8523847089499736,-0.17004731100000026,-0.05148491249999987,-0.04422799150000145
16852.0,-2.524427843,-2.775478083,10.9364741465,0.17029352044633872,-0.25960725425864456,0.780879505964035,11.562114048944073,0.8403383916044508,-0.021476563499999823,-0.11856239849999994,-0.14131382649999935
16862.0,-2.4298917369999997,-2.8460859629999997,10.8515485575,0.22278604302932017,-0.32355786338096876,0.7297204149295772,11.478705730965789,0.8287431422879553,0.09453610600000006,-0.07060787999999985,-0.08492558900000091
16872.0,-2.359283857,-2.7849905335000003,10.753383991,0.24437052988873406,-0.3336842637010399,0.675627425422517,11.355952617349216,0.7921707907407748,0.07060787999999985,0.061095429499999465,-0.0981645664999995
16882.0,-2.3317271705,-2.704870203,10.7389682155,0.22625052159452894,-0.2931821530792595,0.6223355420421222,11.317186609146482,0.7241868545443563,0.027556686500000094,0.08012033050000023,-0.014415775499999839
16892.0,-2.3149577989999996,-2.660544145,10.741321811499999,0.1849490501753351,-0.21750642204203732,0.5719740664758257,11.305464122133612,0.639272655062908,0.01676937150000013,0.044326058000000224,0.0023535959999989586
16902.0,-2.3041704839999997,-2.6354391209999997,10.754560789,0.13245652759235366,-0.12717516127581882,0.5242777086773247,11.309965461668321,0.5555046076886313,0.010787314999999964,0.025105024000000142,0.01323897750000036
16912.0,-2.2659245489999997,-2.6952596859999995,10.7748605545,0.0682388830944743,-0.049635418597466736,0.4795117586929221,11.335627852291982,0.48687960182175044,0.03824593499999995,-0.05982056499999988,0.020299765500000788
16922.0,-2.1677599825,-2.7934242525,10.732986159,-0.002907718533822553,-0.0014049900478554354,0.43128133014331077,11.300415668703039,0.4312934204857407,0.09816456649999994,-0.09816456650000038,-0.041874395500000716
16932.0,-2.128239183,-2.8652089304999997,10.627662738,-0.05193576255159526,0.011651818086314143,0.3830526469229515,11.210978525898046,0.38673300688098966,0.03952079949999998,-0.07178467799999977,-0.10532342099999958
16942.0,-2.0671437535,-2.81254722,10.455261831,-0.05806535888459935,-0.010732029570513132,0.33135773980813144,11.022522629467778,0.33657794653223055,0.06109542949999991,0.05266171049999979,-0.1724009070000001
16952.0,-2.0288978185,-2.69290609,10.3570972645,-0.018360863730980347,-0.04297349684260438,0.2809962642418351,10.892090401469616,0.2848556533855282,0.03824593499999995,0.11964112999999976,-0.0981645664999995
16962.0,-2.0971521025,-2.453427697,10.326010183999998,0.06051056516664341,-0.06961943853280181,0.24342630676340513,10.81868017484104,0.2603166562916798,-0.068254284,0.23947839300000018,-0.03108708050000253
16972.0,-2.2407214585,-2.1984547969999997,10.4481029765,0.14951013971359026,-0.09386729783075902,0.2277043808614402,10.909486328722487,0.28812087141114495,-0.14356935599999998,0.2549729000000003,0.12209279250000193
16982.0,-2.4490147045,-2.073910342,10.5785314215,0.20866458405143407,-0.11411835314164924,0.22557333384475514,11.05459651752042,0.32779145215053657,-0.2082932460000002,0.12454445499999967,0.13042844499999973
16992.0,-2.5388436185,-2.1110775454999997,10.694642157499999,0.21399307425777275,-0.13436940845253945,0.22104245910657785,11.192754182920694,0.3357200358722445,-0.08982891399999993,-0.03716720349999969,0.11611073599999955
17002.0,-2.4933407624999995,-2.2451344509999998,10.7713301605,0.18335032858050831,-0.14396173802150028,0.20212309001495932,11.281796412252266,0.30853860134827016,0.04550285600000059,-0.13405690550000005,0.076688003000001
17012.0,-2.3174094614999996,-2.4115533014999997,10.806045701499999,0.13538693540645214,-0.1309049298873307,0.17068098354028147,11.311790293367883,0.2541608173771788,0.17593130099999987,-0.16641885049999994,0.03471554099999885
17022.0,-2.1809008935,-2.3995891885,10.755737587,0.0730350478789547,-0.08160985049400286,0.13604143387595002,11.233888374967938,0.17464695144021034,0.13650856799999955,0.011964112999999887,-0.05030811449999817
17032.0,-2.1461853525,-2.334963365,10.709057932999999,0.006951646410693415,-0.03551221429032862,0.10859613138833918,11.16879972492693,0.11446642522650453,0.03471554100000018,0.06462582349999968,-0.04667965400000185
17042.0,-2.09470044,-2.3301581065,10.6718907295,-0.035414475852216944,-0.014728833557580147,0.08248251512000003,11.122349503455279,0.09096421790119008,0.05148491249999987,0.004805258500000242,-0.037167203499999246
17052.0,-2.0898951814999998,-2.3984123905,10.6336447945,-0.0538015195219772,-0.006468190207890985,0.0489076162993851,11.09929932383832,0.07299586234525235,0.004805258500000242,-0.068254284,-0.038245934999999065
17062.0,-2.1450085545,-2.348104276,10.5677441065,-0.05460088031939061,-0.02138900998319051,0.014268066635053644,11.035935433406319,0.06035166613454653,-0.05511337300000019,0.050308114499999945,-0.06590068800000104
17072.0,-2.083913125,-2.289460509,10.499587888999999,-0.04607320159414632,-0.03711093588515543,-0.014243632025525725,10.946491180906019,0.060850986193204344,0.06109542949999991,0.05864376699999996,-0.06815621750000034
17082.0,-1.9606435345,-2.3074066785,10.382202288499998,-0.03408278963294527,-0.03391349269550182,-0.030497883349348914,10.814729446856155,0.056937530898010943,0.12326959050000008,-0.017946169500000053,-0.11738560050000046
17092.0,-1.8576737094999998,-2.3456526135,10.363079320999999,-0.020226620701362285,-0.01872563754464716,-0.04302236606166022,10.78640119815338,0.051094908435124625,0.10296982500000018,-0.03824593499999995,-0.019122967499999532
17102.0,-1.7822605710000001,-2.3421222194999998,10.381025490499999,-0.0034400439556808234,-0.007267551005304388,-0.05128126408209739,10.790165868439075,0.051907795617705914,0.07541313849999964,0.0035303940000002143,0.017946169500000053
17112.0,-1.699688578,-2.2762215315,10.376220231999998,0.013346532790000639,-0.004070107815650776,-0.05181533483320765,10.758070088338984,0.05366120236281522,0.08257199300000018,0.06590068799999971,-0.0048052585000011305
17122.0,-1.575144123,-2.2355239339999997,10.363079320999999,0.0216071761396898,-0.0027366762671271086,-0.04755149547058551,10.717838367928772,0.05230204756232543,0.12454445499999989,0.04069759750000035,-0.013140910999998923
17132.0,-1.4650154434999998,-2.1816854255,10.366707781499999,0.020807815342276395,0.012718214259282679,-0.0350270127582742,10.694608537601797,0.042680320711442614,0.11012867950000027,0.053838508499999715,0.003628460499999875
17142.0,-1.4075484744999998,-2.18884428,10.3774950965,0.01414589358741404,0.030304151802377544,-0.023303636172628286,10.698814722577335,0.04076159197963462,0.057466969000000034,-0.007158854500000089,0.01078731500000174
17152.0,-1.388425507,-2.2630806205,10.438492459499999,0.009084438756630484,0.038564795152066705,-0.01664171441776593,10.77085809536126,0.04297344658514506,0.019122967499999755,-0.07423634049999972,0.06099736299999847
17162.0,-1.3764613940000001,-2.339670557,10.4828185175,0.008817403381075353,0.036966073557239895,-0.019306832185561274,10.828582010369871,0.04262617700035149,0.011964112999999887,-0.07658993650000001,0.04432605800000111
17172.0,-1.295066199,-2.3648736475,10.4624206855,0.00988379955404389,0.039364155949480104,-0.03023084797379378,10.804261679023261,0.050607612435819765,0.08139519500000003,-0.025203090500000247,-0.02039783200000045
17182.0,-1.2065121495,-2.3289813085,10.460067089499999,0.007485717161803679,0.05721712886813011,-0.04115660909127828,10.783915291723803,0.07087808031564498,0.08855404950000012,0.035892339000000106,-0.002353596000000735
17192.0,-1.0771624359999998,-2.30260142,10.4516333705,0.0042882739721500675,0.0961205178950837,-0.04701917004872724,10.756341958317645,0.10709036187328183,0.12934971350000013,0.02637988850000017,-0.008433718999999229
17202.0,-0.981449532,-2.2715143395,10.456438628999999,-0.006105161723476165,0.1496794366510337,-0.047818530846140635,10.745237520895502,0.1572508144593341,0.09571290399999988,0.031087080499999864,0.004805258499999354
17212.0,-0.9419287324999999,-2.1972779989999998,10.547444340999999,-0.022359413047299354,0.20190666918771202,-0.03529404813382934,10.814982314756293,0.2061841804018169,0.03952079950000009,0.07423634050000016,0.0910057119999994
17222.0,-0.9454591264999999,-2.2283650794999996,10.730632562999999,-0.03461511505480354,0.23414813645980326,-0.017441075215179333,11.00027177343965,0.23733467319908713,-0.0035303939999999923,-0.031087080499999864,0.18318822200000007
17232.0,-0.9718390149999999,-2.3336885004999997,10.932943752499998,-0.03967831521483909,0.22428877151528728,-0.001186823891356144,11.221400633778781,0.22777451630301834,-0.02637988850000006,-0.10532342100000003,0.2023111894999996
17242.0,-0.9120184499999999,-2.35163467,10.974818147999999,-0.0420763976070793,0.1792557861553296,0.009471901850573226,11.26093231735084,0.1843713020793127,0.05982056499999999,-0.017946169500000497,0.041874395500000716
17252.0,-0.8114022209999999,-2.358891591,10.881458839999999,-0.045540876172288046,0.12782965974531668,0.023061035406601076,11.163730988739758,0.1376452130194422,0.100616229,-0.00725692099999975,-0.09335930800000014
